dag_name,coef_of_interest,method,reps,Bhat,BhatBias,BhatLo,BhatHi,BhatFail,BhatRMSE,BhatCover,coef_of_interest_pretty,dag_name_pretty,method_pretty
1B,(Intercept),gold,10000,0,0,-0.14,0.14,0,0.07,0.95,E[A],DAG (a),Benchmark
1B,(Intercept),CC,10000,0,0,-0.2,0.2,0,0.1,0.95,E[A],DAG (a),Complete-case
1B,(Intercept),Am-std,10000,-0.84,-0.84,-1.04,-0.65,0,0.85,0,E[A],DAG (a),Amelia (standard)
1B,(Intercept),Am-ours,10000,0,0,-0.2,0.2,0,0.1,0.95,E[A],DAG (a),Amelia (m-backdoor)
1B,(Intercept),MICE-std,10000,-0.84,-0.84,-1.04,-0.65,0,0.85,0,E[A],DAG (a),MICE (standard)
1B,(Intercept),MICE-ours,10000,0,0,-0.2,0.2,0,0.1,0.95,E[A],DAG (a),MICE (m-backdoor)
1B,(Intercept),MICE-ours-pred,10000,0,0,-0.2,0.2,0,0.1,0.95,E[A],DAG (a),MICE-ours-pred
1B,A,gold,10000,1.2,0,1.11,1.3,0,0.05,0.95,E[B | A],DAG (a),Benchmark
1B,A,CC,10000,1.2,0,1.09,1.31,0,0.06,0.95,E[B | A],DAG (a),Complete-case
1B,A,Am-std,10000,1.36,0.16,1.26,1.45,0,0.16,0.09,E[B | A],DAG (a),Amelia (standard)
1B,A,MICE-std,10000,1.35,0.15,1.26,1.45,0,0.16,0.11,E[B | A],DAG (a),MICE (standard)
1B,A,MICE-ours-pred,10000,1.35,0.15,1.26,1.45,0,0.16,0.11,E[B | A],DAG (a),MICE-ours-pred
1D,(Intercept),gold,10000,0,0,-0.14,0.14,0,0.07,0.95,E[A],DAG (b),Benchmark
1D,(Intercept),CC,10000,0,0,-0.2,0.2,0,0.1,0.95,E[A],DAG (b),Complete-case
1D,(Intercept),Am-std,10000,-0.71,-0.71,-0.9,-0.51,0,0.71,0,E[A],DAG (b),Amelia (standard)
1D,(Intercept),Am-ours,10000,0,0,-0.2,0.2,0,0.1,0.95,E[A],DAG (b),Amelia (m-backdoor)
1D,(Intercept),MICE-std,10000,-0.71,-0.71,-0.9,-0.51,0,0.71,0,E[A],DAG (b),MICE (standard)
1D,(Intercept),MICE-ours,10000,0,0,-0.2,0.2,0,0.1,0.95,E[A],DAG (b),MICE (m-backdoor)
1D,(Intercept),MICE-ours-pred,10000,0,0,-0.2,0.2,0,0.1,0.95,E[A],DAG (b),MICE-ours-pred
1D,A,gold,10000,0.8,0,0.73,0.87,0,0.03,0.95,E[B | A],DAG (b),Benchmark
1D,A,CC,10000,0.8,0,0.72,0.88,0,0.04,0.95,E[B | A],DAG (b),Complete-case
1D,A,Am-std,10000,0.91,0.11,0.83,0.98,0,0.11,0.19,E[B | A],DAG (b),Amelia (standard)
1D,A,MICE-std,10000,0.9,0.1,0.83,0.97,0,0.11,0.22,E[B | A],DAG (b),MICE (standard)
1D,A,MICE-ours-pred,10000,0.9,0.1,0.83,0.97,0,0.11,0.22,E[B | A],DAG (b),MICE-ours-pred
1Fb,(Intercept),gold,10000,0,0,-0.15,0.15,0,0.07,0.95,E[B],DAG (c),Benchmark
1Fb,(Intercept),CC,10000,0.54,0.54,0.34,0.74,0,0.55,0,E[B],DAG (c),Complete-case
1Fb,(Intercept),Am-std,10000,-0.27,-0.27,-0.46,-0.08,0,0.29,0.19,E[B],DAG (c),Amelia (standard)
1Fb,(Intercept),Am-ours,10000,0,0,-0.2,0.19,0,0.1,0.95,E[B],DAG (c),Amelia (m-backdoor)
1Fb,(Intercept),MICE-std,10000,-0.27,-0.27,-0.46,-0.08,0,0.29,0.19,E[B],DAG (c),MICE (standard)
1Fb,(Intercept),MICE-ours,10000,0,0,-0.2,0.2,0,0.1,0.95,E[B],DAG (c),MICE (m-backdoor)
1Fb,(Intercept),MICE-ours-pred,10000,0,0,-0.2,0.2,0,0.1,0.95,E[B],DAG (c),MICE-ours-pred
1Fb,A,gold,10000,1.5,0,1.39,1.61,0,0.06,0.95,E[B | A],DAG (c),Benchmark
1Fb,A,CC,10000,1.5,0,1.33,1.67,0,0.09,0.96,E[B | A],DAG (c),Complete-case
1Fb,A,Am-std,10000,1.6,0.1,1.44,1.76,0,0.13,0.77,E[B | A],DAG (c),Amelia (standard)
1Fb,A,Am-ours,10000,1.5,0,1.33,1.67,0,0.09,0.96,E[B | A],DAG (c),Amelia (m-backdoor)
1Fb,A,MICE-std,10000,1.6,0.1,1.44,1.76,0,0.13,0.77,E[B | A],DAG (c),MICE (standard)
1Fb,A,MICE-ours,10000,1.5,0,1.33,1.67,0,0.09,0.96,E[B | A],DAG (c),MICE (m-backdoor)
1Fb,A,MICE-ours-pred,10000,1.5,0,1.33,1.67,0,0.09,0.96,E[B | A],DAG (c),MICE-ours-pred
1J,A,gold,10000,0,0,-0.06,0.06,0,0.03,0.95,E[B | A],DAG (d),Benchmark
1J,A,CC,10000,,,,,1,,,E[B | A],DAG (d),Complete-case
1J,A,Am-std,10000,-0.12,-0.12,-0.2,-0.05,0,0.13,0.11,E[B | A],DAG (d),Amelia (standard)
1J,A,MICE-std,10000,-0.21,-0.21,-0.86,0.43,0,0.22,1,E[B | A],DAG (d),MICE (standard)
1J,A,MICE-ours-pred,10000,-0.21,-0.21,-0.86,0.43,0,0.22,1,E[B | A],DAG (d),MICE-ours-pred
