dag_name,coef_of_interest,method,reps,Bhat,BhatBias,BhatLo,BhatHi,BhatFail,BhatRMSE,BhatCover,coef_of_interest_pretty,dag_name_pretty,method_pretty
1B,(Intercept),gold,1000,0,0,-0.14,0.14,0,0.07,0.95,E[A],DAG (a),gold
1B,(Intercept),CC,1000,0,0,-0.19,0.2,0,0.1,0.95,E[A],DAG (a),CC
1B,(Intercept),Am-std,1000,-0.84,-0.84,-1.03,-0.64,0,0.84,0,E[A],DAG (a),Am-std
1B,(Intercept),Am-ours,1000,0.01,0.01,-0.19,0.2,0,0.1,0.95,E[A],DAG (a),Am-ours
1B,(Intercept),MICE-std,1000,-0.84,-0.84,-1.03,-0.64,0,0.84,0,E[A],DAG (a),MICE-std
1B,(Intercept),MICE-ours,1000,0,0,-0.19,0.2,0,0.1,0.95,E[A],DAG (a),MICE-ours
1B,(Intercept),MICE-ours-pred,1000,0.01,0.01,-0.19,0.2,0,0.1,0.95,E[A],DAG (a),MICE-ours-pred
1B,A,gold,1000,1.2,0,1.1,1.29,0,0.05,0.94,E[B | A],DAG (a),gold
1B,A,CC,1000,1.2,0,1.09,1.31,0,0.06,0.94,E[B | A],DAG (a),CC
1B,A,Am-std,1000,1.36,0.16,1.26,1.45,0,0.17,0.09,E[B | A],DAG (a),Am-std
1B,A,MICE-std,1000,1.35,0.15,1.26,1.45,0,0.16,0.11,E[B | A],DAG (a),MICE-std
1B,A,MICE-ours-pred,1000,1.35,0.15,1.26,1.45,0,0.16,0.11,E[B | A],DAG (a),MICE-ours-pred
1D,(Intercept),gold,1000,0,0,-0.14,0.14,0,0.07,0.95,E[A],DAG (b),gold
1D,(Intercept),CC,1000,0,0,-0.2,0.19,0,0.1,0.95,E[A],DAG (b),CC
1D,(Intercept),Am-std,1000,-0.71,-0.71,-0.91,-0.51,0,0.72,0,E[A],DAG (b),Am-std
1D,(Intercept),Am-ours,1000,0,0,-0.2,0.2,0,0.1,0.95,E[A],DAG (b),Am-ours
1D,(Intercept),MICE-std,1000,-0.71,-0.71,-0.91,-0.51,0,0.72,0,E[A],DAG (b),MICE-std
1D,(Intercept),MICE-ours,1000,0,0,-0.2,0.2,0,0.1,0.95,E[A],DAG (b),MICE-ours
1D,(Intercept),MICE-ours-pred,1000,0,0,-0.2,0.2,0,0.1,0.95,E[A],DAG (b),MICE-ours-pred
1D,A,gold,1000,0.8,0,0.73,0.87,0,0.03,0.96,E[B | A],DAG (b),gold
1D,A,CC,1000,0.8,0,0.72,0.88,0,0.04,0.95,E[B | A],DAG (b),CC
1D,A,Am-std,1000,0.91,0.11,0.83,0.98,0,0.11,0.19,E[B | A],DAG (b),Am-std
1D,A,MICE-std,1000,0.9,0.1,0.83,0.97,0,0.11,0.22,E[B | A],DAG (b),MICE-std
1D,A,MICE-ours-pred,1000,0.9,0.1,0.83,0.97,0,0.11,0.21,E[B | A],DAG (b),MICE-ours-pred
1Fb,(Intercept),gold,1000,0,0,-0.14,0.15,0,0.08,0.94,E[B],DAG (c),gold
1Fb,(Intercept),CC,1000,0.54,0.54,0.34,0.74,0,0.55,0,E[B],DAG (c),CC
1Fb,(Intercept),Am-std,1000,-0.27,-0.27,-0.46,-0.08,0,0.29,0.19,E[B],DAG (c),Am-std
1Fb,(Intercept),Am-ours,1000,0,0,-0.19,0.2,0,0.1,0.94,E[B],DAG (c),Am-ours
1Fb,(Intercept),MICE-std,1000,-0.27,-0.27,-0.46,-0.08,0,0.29,0.19,E[B],DAG (c),MICE-std
1Fb,(Intercept),MICE-ours,1000,0,0,-0.19,0.2,0,0.1,0.95,E[B],DAG (c),MICE-ours
1Fb,(Intercept),MICE-ours-pred,1000,0,0,-0.19,0.2,0,0.1,0.95,E[B],DAG (c),MICE-ours-pred
1Fb,A,gold,1000,1.5,0,1.39,1.61,0,0.06,0.96,E[B | A],DAG (c),gold
1Fb,A,CC,1000,1.5,0,1.33,1.67,0,0.08,0.96,E[B | A],DAG (c),CC
1Fb,A,Am-std,1000,1.6,0.1,1.44,1.76,0,0.13,0.76,E[B | A],DAG (c),Am-std
1Fb,A,Am-ours,1000,1.5,0,1.33,1.67,0,0.08,0.96,E[B | A],DAG (c),Am-ours
1Fb,A,MICE-std,1000,1.6,0.1,1.44,1.76,0,0.13,0.76,E[B | A],DAG (c),MICE-std
1Fb,A,MICE-ours,1000,1.5,0,1.33,1.67,0,0.09,0.96,E[B | A],DAG (c),MICE-ours
1Fb,A,MICE-ours-pred,1000,1.5,0,1.33,1.67,0,0.08,0.97,E[B | A],DAG (c),MICE-ours-pred
1J,A,gold,1000,0,0,-0.06,0.06,0,0.03,0.94,E[B | A],DAG (d),gold
1J,A,CC,1000,,,,,1,,,E[B | A],DAG (d),CC
1J,A,Am-std,1000,-0.12,-0.12,-0.2,-0.05,0,0.13,0.12,E[B | A],DAG (d),Am-std
1J,A,MICE-std,1000,-0.21,-0.21,-0.85,0.42,0,0.22,1,E[B | A],DAG (d),MICE-std
1J,A,MICE-ours-pred,1000,-0.21,-0.21,-0.85,0.43,0,0.22,1,E[B | A],DAG (d),MICE-ours-pred
